Email Address,First Name,Last Name,Discord Tag (ex. Gamer#1337),fam
rogerjbazan@berkeley.edu,Roger,Bazan,RogerThatxx#0195,Star
jacob.k@berkeley.edu,Jacob,Knudson,woopah#5791,Star
xiongc@berkeley.edu,Cynthia,Xiong,Kilydwn#4827,Star
kmkranen@berkeley.edu,Kayla,Kranen,Pupperz#1581,Star
xschen@berkeley.edu,Sylvia,Chen,Deathyy#4089,Star
angelinawu@berkeley.edu,Angelina,Wu,koizumaru#3613,Star
xschen@berkeley.edu,Sylvia,Chen,Deathyy#4089,Star
rogerjbazan@berkeley.edu,Roger,Bazan,RogerThatxx#0195,anima
chen37@berkeley.edu,Grace,Chen,maqicant#9980,anima
aarabetyan@berkeley.edu,Avou,Arabetyan,avo#1207,anima
andyho@berkeley.edu,Andy,Ho,AndyHoBro#8730,anima
neelchoudhary@berkeley.edu,Neel,Choudhary,Blue #8457,anima
andyho@berkeley.edu,Andy,Ho,AndyHoBro#8730,anima
